Fighter,ELO
Jon Jones,1754.2128490890457
Islam Makhachev,1729.2568543361103
Khabib Nurmagomedov,1700.2398854224218
Belal Muhammad,1691.1669654870027
Charles Oliveira,1690.0620311931514
Max Holloway,1683.7689199137992
Amanda Nunes,1683.029202496845
Leon Edwards,1683.0145820629716
Demetrious Johnson,1675.9369624110843
Francis Ngannou,1669.8851683015291
Kamaru Usman,1668.8527966801093
Dustin Poirier,1667.2684445047498
Aljamain Sterling,1660.354161872207
Alexander Volkanovski,1656.3776287295195
Magomed Ankalaev,1653.7235315561047
Robert Whittaker,1650.084430687591
Valentina Shevchenko,1649.9806122692037
Dricus Du Plessis,1648.935266584665
Alex Pereira,1648.8580444764639
Merab Dvalishvili,1648.2291919063537
Alexandre Pantoja,1647.0047213634507
Ilia Topuria,1646.0891748331626
Khamzat Chimaev,1645.1814280803549
Movsar Evloev,1643.0318551780642
Stipe Miocic,1640.3333999800243
Ciryl Gane,1639.0708331979565
Sean Strickland,1635.828792593821
Beneil Dariush,1635.2566451215646
Daniel Cormier,1633.4641703978348
Shavkat Rakhmonov,1631.936899517609
Grant Dawson,1631.7678126818043
Brendan Allen,1631.4960996671477
Israel Adesanya,1631.4238727053762
Colby Covington,1630.3856185780153
Arnold Allen,1629.5487406797736
Deiveson Figueiredo,1628.5979130485964
Sean O'Malley,1628.480285675342
TJ Dillashaw,1628.155049311705
Vicente Luque,1626.9335619692433
Tom Aspinall,1626.2704858306017
Glover Teixeira,1623.411146360867
Jack Della Maddalena,1622.123845233921
Curtis Blaydes,1621.886622763284
Arman Tsarukyan,1618.100302619671
Francisco Trinaldo,1615.5739259191482
Renato Moicano,1614.7044170810068
Manon Fiorot,1614.0796423324684
Henry Cejudo,1613.607801108038
Georges St-Pierre,1613.3609096009643
Mario Bautista,1613.1603422403925
Tatiana Suarez,1612.538353977186
Lerone Murphy,1612.3768407088726
Benson Henderson,1611.9738546444187
John Lineker,1611.5539031021858
Cory Sandhagen,1610.8372425958746
Caio Borralho,1609.7367813963467
Alexander Volkov,1608.2783770299063
Randy Brown,1606.8134151522713
Muhammad Mokaev,1606.6372821624552
Sean Brady,1605.5872822374786
Gegard Mousasi,1605.562460032109
Song Yadong,1605.2385273455714
Joaquin Buckley,1605.159763852744
Jan Blachowicz,1605.030325400081
Maycee Barber,1604.8375010554787
Dan Hooker,1604.5745914006511
Conor McGregor,1603.9702942129743
Raquel Pennington,1602.9229554762503
Elizeu Zaleski dos Santos,1602.2364512204979
Umar Nurmagomedov,1601.9863794946536
Rustam Khabilov,1601.850130116019
Erin Blanchfield,1601.6725586746218
Josh Emmett,1600.6944730955724
Jailton Almeida,1600.58250918252
Gilbert Burns,1599.7780458469565
Justin Gaethje,1599.5293345183995
Paddy Pimblett,1598.8516247478044
Joseph Benavidez,1598.3768349839547
Montel Jackson,1597.8854826435763
Carlos Ulberg,1597.7748046676986
Gregor Gillespie,1597.144740791428
Derrick Lewis,1597.1266444435728
Marlon Vera,1596.4863301964697
Bryan Battle,1595.8767596167531
Ryan Bader,1595.551866242558
Nassourdine Imavov,1595.052919122729
Petr Yan,1595.029800880505
Norma Dumont,1594.7840447741132
Michel Pereira,1594.575077491077
Jose Aldo,1594.478321858988
Natalia Silva,1593.9359319791922
Drakkar Klose,1593.7594443180938
Michael Chiesa,1593.3594157626485
Derek Brunson,1593.3342972282771
Zabit Magomedsharipov,1593.3058942867144
Brandon Moreno,1592.7002548712576
Anthony Hernandez,1590.6235091031642
Giga Chikadze,1590.4045676226738
Yair Rodriguez,1590.146400688978
Neil Magny,1589.9711849581033
Michael Morales,1589.442702692027
Zak Cummings,1588.008195308621
Demian Maia,1587.9183460594388
Chris Gutierrez,1587.609447081544
Darren Elkins,1587.5339750121518
Anthony Johnson,1587.492200805145
Julianna Pena,1586.706210567991
Kyoji Horiguchi,1586.655440822488
Fabricio Werdum,1586.6384937989333
Rose Namajunas,1586.5373268060964
Yoel Romero,1585.4219405755473
Bryce Mitchell,1585.393604887648
Jamahal Hill,1584.481455881271
Gunnar Nelson,1584.3111685658814
Katlyn Chookagian,1584.2420997606912
Roman Dolidze,1584.1475764976217
Yan Xiaonan,1584.0562987899873
Diego Ferreira,1583.9104790434812
Mateusz Gamrot,1583.4178489634915
James Krause,1583.1973213327137
Diego Lopes,1582.3872918261604
Said Nurmagomedov,1582.0446136965134
Brian Ortega,1581.3558056112402
Rinat Fakhretdinov,1581.317140297569
Marcin Tybura,1580.3387812441792
Gregory Rodrigues,1579.843670381446
Jack Hermansson,1579.6057043256928
Nasrat Haqparast,1579.4621922367887
Jessica Andrade,1579.2767468289614
Brandon Royval,1579.1499421605904
Gillian Robertson,1578.9431015597079
Dong Hyun Kim,1578.5694498607236
Ludovit Klein,1578.117268293031
Geoff Neal,1577.8340870432355
Rob Font,1577.5483177222075
Jonathan Martinez,1577.4541224565992
Mairbek Taisumov,1577.1137029658842
Jim Miller,1577.0884136808006
Tatsuro Taira,1576.479214301945
Carlos Prates,1576.117708447495
Marvin Vettori,1575.935391379946
Nikita Krylov,1575.9274553376347
Michael Bisping,1575.7289106119038
Jake Matthews,1575.3353147962207
Shane Burgos,1575.1548880942985
Ian Machado Garry,1575.152420836965
Ricardo Lamas,1575.1441540390438
Michel Prazeres,1575.1351476908235
Serghei Spivac,1574.8915976098863
Cris Cyborg,1574.3580267886261
Erik Perez,1573.327899105658
Elias Theodorou,1573.2282757580695
Dominick Cruz,1573.050348572097
Sean Woodson,1572.953862482106
Alexa Grasso,1572.9112962413387
Zhang Weili,1572.6188269779777
Alistair Overeem,1572.3346488748543
Macy Chiasson,1571.9572771897826
Muslim Salikhov,1571.8761526835624
Jairzinho Rozenstruik,1571.6225968277165
Rani Yahya,1571.43643117136
Anthony Pettis,1570.7438366821016
Nathaniel Wood,1570.4197331524401
Azamat Murzakanov,1570.3487484444652
Steve Garcia,1570.2926450573655
Rafael Dos Anjos,1569.9876392391568
Corey Anderson,1569.9799510060682
Tyron Woodley,1569.4921305555388
TJ Grant,1569.4814607667536
Joel Alvarez,1569.1518010985312
Edson Barboza,1568.9387520861078
Sergei Pavlovich,1567.2224794618012
Rashid Magomedov,1567.082389095855
Phil Davis,1566.872079523554
Weili Zhang,1566.5165890060136
Aiemann Zahabi,1566.4845816234035
Anthony Rocco Martin,1566.2966263939945
Marcus McGhee,1565.966624658985
Andre Petroski,1565.935694570871
Robbie Lawler,1565.8811699072571
Chepe Mariscal,1565.5544329944532
Shara Magomedov,1565.230875507145
William Gomis,1565.2279299747738
Chad Mendes,1564.8510921043567
Jasmine Jasudavicius,1564.6308883588285
Asu Almabayev,1564.5827444270226
Andre Muniz,1564.24166947555
Amir Albazi,1564.1241386882177
Farid Basharat,1563.9043009801032
Fares Ziam,1563.7899971816535
Bo Nickal,1563.7551315546161
Jordan Johnson,1563.1771085556795
Omari Akhmedov,1562.8722030293382
Rory MacDonald,1562.6171954814931
Urijah Faber,1562.5048155373088
David Teymur,1562.448312570517
Mick Parkin,1562.352246440985
Jared Cannonier,1562.3395426154866
Chase Hooper,1561.7527708020502
Kyler Phillips,1561.5770501309426
Ronda Rousey,1560.9258643813762
Adrian Yanez,1560.8044903108134
Kai Kara-France,1560.6817326403052
Stephen Thompson,1560.5719640394443
Amanda Lemos,1560.5201554915513
Kelvin Gastelum,1560.1675213683943
Tracy Cortez,1559.752614805803
Daniel Rodriguez,1559.418036840634
Nate Diaz,1559.3618730460457
Rick Story,1559.2761056672596
Dominick Reyes,1559.2183191113756
Cain Velasquez,1559.039223876077
Chas Skelly,1558.817361791867
Paul Felder,1558.7174103627717
Kevin Holland,1558.1498429057858
Joanderson Brito,1557.88185894283
Khalil Rountree Jr.,1557.6868677421296
Taylor Lapilus,1557.5192545910436
Santiago Ponzinibbio,1557.2416902461853
Alexandr Romanov,1557.1494548278586
Loma Lookboonmee,1556.9879943523476
Khaos Williams,1556.9822139874102
Sage Northcutt,1556.925168067997
Miles Johns,1556.5874290924066
Rafael Fiziev,1556.3371129800182
Pat Sabatini,1556.2032488257303
Jorge Masvidal,1556.0680191345634
Ryan Hall,1556.0623149726412
Uriah Hall,1556.0591537433288
Joshua Van,1555.9077295687175
Waldo Cortes-Acosta,1555.8706344717548
Sergio Pettis,1555.3102987911798
Thiago Santos,1554.9272676951134
Ignacio Bahamondes,1554.6587308689905
Jared Rosholt,1554.5543298891293
Chan Sung Jung,1554.2085109449672
Ketlen Vieira,1553.5856179850575
Ryan LaFlare,1553.3876623045753
Jean Silva,1553.3840632623
Virna Jandiroba,1553.1845040244352
Germaine de Randamie,1553.150330639484
Joanna Jedrzejczyk,1553.0225605507937
Cody Garbrandt,1552.9452006195197
Mackenzie Dern,1552.6174250439303
Martin Buday,1552.5168479161634
David Onama,1552.43674846328
Joe Pyfer,1552.079557222232
JunYong Park,1551.9885288378266
Mike Malott,1551.5560060539867
Krzysztof Jotko,1551.5445211974757
Miranda Maverick,1551.5364343183178
Alex Morono,1551.2059923829208
Iasmin Lucindo,1551.148721004301
Donald Cerrone,1550.6251528412943
Jiri Prochazka,1550.6206586369444
Ricky Simon,1550.2663441163395
Payton Talbott,1550.1520146698683
Karine Silva,1549.9483686203484
Mike Pierce,1549.8345054263082
Myles Jury,1549.667872576582
Daniel Marcos,1549.6166794309702
Brett Johns,1549.5106083549792
Alex Caceres,1549.4693392269419
Irene Aldana,1549.436965167927
Rodolfo Vieira,1549.170051546105
Kevin Lee,1548.9647488751125
Raul Rosas Jr.,1548.8160397518998
Mateusz Rebecki,1548.6806530007889
Carla Esparza,1548.5774942844425
Raphael Assuncao,1548.4324011208969
Jimmie Rivera,1548.424644401899
Marcos Rogerio de Lima,1548.3771226615836
Ruslan Magomedov,1548.2066425957055
Tagir Ulanbekov,1547.985415133497
Sodiq Yusuff,1547.8589391487785
Jacob Volkmann,1547.7206661512832
Cub Swanson,1547.654179319137
Al Iaquinta,1547.550159546324
Oban Elliott,1546.975496492272
Leonardo Santos,1546.9400475928242
Alejandro Perez,1546.8698346714668
Jacqueline Cavalcanti,1546.7480574800343
Tabatha Ricci,1546.7442628330723
Jeff Molina,1546.5294819956516
Ailin Perez,1546.1284924243905
Ian Garry,1546.0228174986064
Benoit Saint Denis,1545.921564128493
Andre Lima,1545.912435074594
Rinya Nakamura,1545.861206676908
Drew Dober,1545.6081565504016
Amanda Ribas,1545.4333797869697
Nate Maness,1545.1746188790767
Tony Ferguson,1545.1667133145083
Alonzo Menifield,1545.0890832633218
Justin Willis,1544.987970329768
James Vick,1544.7951819503485
Vitor Petrino,1544.7338365432984
Lauren Murphy,1544.6608616443004
John Dodson,1544.3457875898612
Michael McDonald,1544.0587207760077
Paulo Costa,1544.043097877164
Nicolas Dalby,1544.0325389778968
Kennedy Nzechukwu,1543.9625514791512
Thales Leites,1543.4439490957163
Chris Curtis,1543.3524747775523
Damir Ismagulov,1543.0242880979183
Casey O'Neill,1542.6498996485457
Chris Wade,1542.4959854400508
Chris Weidman,1542.156224018495
Vinc Pichel,1541.681926682858
Dustin Ortiz,1541.563805853748
Ryan Spann,1541.0955099812945
Jalin Turner,1541.0792335045603
Li Jingliang,1540.7823693030607
Alan Jouban,1540.6591602779101
Stevie Ray,1540.5916484497434
Tecia Torres,1540.3907575995354
Calvin Kattar,1540.376479689567
Dan Ige,1539.6542612773133
Anthony Smith,1539.6394136543693
Jaqueline Amorim,1539.3985051528841
Kyung Ho Kang,1539.355261397897
Sergio Moraes,1538.741140985363
Charles Johnson,1538.3429448268391
Volkan Oezdemir,1538.2535312024236
Kayla Harrison,1538.2041861036148
Jussier Formiga,1538.1568991346678
Brad Tavares,1538.1369068202198
Roman Kopylov,1538.0261080915786
Matt Mitrione,1537.9171621893995
Youssef Zalal,1537.826221637186
Aleksandar Rakic,1537.766491538195
Karol Rosa,1537.7602793251397
Eddie Alvarez,1537.660382822336
Enrique Barzola,1537.4966601896797
Frankie Edgar,1537.4756646274004
Raoni Barcelos,1537.4554844993825
Askar Askarov,1537.2440987368816
Francis Carmont,1537.214047790078
Alex Perez,1536.6711972813694
Jared Gordon,1536.5777501785967
Denise Gomes,1536.5337282384971
Viviane Araujo,1536.4186462732746
Esteban Ribovics,1536.4180653892006
Luana Carolina,1536.3879573417012
Dooho Choi,1536.2861579254968
Ray Borg,1536.2608637844678
John Moraga,1535.9906241357933
Vinicius Oliveira,1535.9318297335924
Gabriel Bonfim,1535.7830881458394
Nik Lentz,1535.5410416538875
Dennis Siver,1535.192268822166
Casey Kenney,1535.1481953557486
Ilir Latifi,1535.0556129986087
Bryan Caraway,1535.0414233571041
Junior Dos Santos,1534.875057227532
Shawn Jordan,1534.8203851632782
Jack Shore,1534.682400099272
Adlan Amagov,1534.5780469380663
JJ Aldrich,1534.4889859159757
Brady Hiestand,1534.4803140107433
Uros Medic,1534.45406823011
Zhang Mingyang,1534.3092008870879
Stephan Bonnar,1534.2848745112592
Nazim Sadykhov,1534.2719624695383
Andre Fili,1534.2613670362239
Hyder Amil,1533.664204693583
Michael Graves,1533.5618156332725
Clayton Carpenter,1533.5371713987274
Philipe Lins,1533.5318549558788
Chris Padilla,1533.4354190141762
Chris Holdsworth,1533.3899773192798
Alatengheili,1533.3844722251022
Jean Matsumoto,1533.3272516619563
Carlston Harris,1533.1297859526005
Matheus Nicolau,1533.057534567088
Julio Arce,1533.0301967617634
Claude Patrick,1532.9317405737183
Jesus Aguilar,1532.8410707718158
Danny Barlow,1532.7920881690734
Don Madge,1532.7901826246252
Trey Waters,1532.768740987346
Charlie Campbell,1532.736751216076
Sean Pierson,1532.7226938503118
Christian Rodriguez,1532.6831349828917
Alberto Mina,1532.5694696293533
Abel Trujillo,1532.5464072593718
Julian Erosa,1532.5438069122258
HyunSung Park,1532.5099739641219
Dennis Hallman,1532.3161933236577
Tom Breese,1532.2851500459324
Tainara Lisboa,1532.2424564274004
Manuel Torres,1532.2119774319763
Jeremiah Wells,1532.1015112606533
Ibo Aslan,1532.0848765197572
Muhammad Naimov,1531.9466287526827
Brian Foster,1531.781135727947
Mauricio Ruffy,1531.5363974807642
Oumar Sy,1531.5350600443894
Matthew Riddle,1531.5165714086554
Joe Solecki,1531.4972306380355
Chris Duncan,1531.4950719474782
Kevin Souza,1531.4734209550436
Rousimar Palhares,1531.4567713358058
Johnny Walker,1531.3979586122314
Da Un Jung,1531.3686030738586
Veronica Hardy,1531.3607191833198
Javid Basharat,1531.3178582954304
Josefine Knutsson,1531.263693206478
Lyoto Machida,1531.260228114709
Rodrigo Nascimento,1531.2121989144007
Themba Gorimbo,1531.1771419364752
Iuri Alcantara,1531.1360582265356
Viscardi Andrade,1531.0258387705244
Luis Pena,1531.0026198929997
Luana Santos,1530.9708009345588
Gerald Meerschaert,1530.9029401944597
Makhmud Muradov,1530.826806377102
Dennis Bermudez,1530.6371386929816
Arjan Bhullar,1530.4730899989952
Mark Madsen,1530.4535203626233
Zubaira Tukhugov,1530.387213112357
Thiago Tavares,1530.3327465612383
King Green,1530.2037748261366
Ronaldo Rodriguez,1530.1408043538815
Magnus Cedenblad,1530.1219928821613
Charles Radtke,1530.0537244823793
Diego Brandao,1529.7974228546643
John Hathaway,1529.6656759874884
Loopy Godinez,1529.6545380654347
Lorenz Larkin,1529.6525962414842
Melsik Baghdasaryan,1529.6277095772252
Ricardo Ramos,1529.5516514554624
Albert Tumenov,1529.5301706446835
Cezar Ferreira,1529.4813427697648
Johny Hendricks,1529.4098591598963
Su Mudaerji,1529.1876695471792
Chris Lytle,1529.0191657940513
Jeremy Kennedy,1529.0087952179395
Ben Rothwell,1528.9947247743457
Marina Rodriguez,1528.9194355124885
Cheick Kongo,1528.8365826911872
Norman Parke,1528.7643168630552
Matt Brown,1528.7491684535325
Luke Rockhold,1528.6823567883987
Hakeem Dawodu,1528.56184394422
Costas Philippou,1528.4554619945982
Jack Jenkins,1528.3677860484386
Desmond Green,1528.2780571378335
Billy Quarantillo,1527.9582776264995
Nicolae Negumereanu,1527.8215002075697
Manel Kape,1527.4938280902127
Jon Madsen,1527.4243051418364
Vanessa Demopoulos,1526.8574680425834
Olivier Aubin-Mercier,1526.7057616846955
Polo Reyes,1526.7032062335866
Claudio Silva,1526.444420186548
Darren Till,1526.3484733595674
Bobby Green,1526.3188314981376
Johnny Case,1526.264313413887
Brian Ebersole,1526.2547570792449
Thiago Moises,1526.1601356098256
Karl Williams,1525.7521993957328
Abus Magomedov,1525.6965280723452
Eryk Anders,1525.6167539751627
Taila Santos,1525.334731292251
Soa Palelei,1524.978428291349
Ikram Aliskerov,1524.4945791321259
Phil Rowe,1524.377010779466
Holly Holm,1524.248844833706
Joselyne Edwards,1524.141719373606
Ali Bagautinov,1523.9280984344587
Davi Ramos,1523.9224715472542
Ramazan Emeev,1523.4109184448914
Miesha Tate,1522.9481359699444
Mirsad Bektic,1522.8611502001852
Cathal Pendred,1522.6063429000897
Daniel Kelly,1522.5037482993755
Matt Frevola,1522.444375533471
Victor Henry,1522.1686464494276
Brendan Schaub,1522.0152746473973
Claudia Gadelha,1521.87473015413
John Makdessi,1521.747508274386
Mike Davis,1521.6704723952325
Nursulton Ruziboev,1521.667565967662
Josh Barnett,1521.6614919599976
Ismail Naurdiev,1521.5999896516087
John Castaneda,1521.515639947238
Mark Munoz,1521.3866293470223
Douglas Silva de Andrade,1521.3037328200737
Mayra Bueno Silva,1521.2536104415894
Mark Bocek,1521.0702101402376
Sergey Khandozhko,1521.0356633119734
Jacob Malkoun,1520.8970426519056
Yushin Okami,1520.7289055675308
Shamil Gaziev,1520.6657414728504
Nordine Taleb,1520.6448390528242
Myktybek Orolbai,1520.6343743794246
Pedro Munhoz,1520.552132342372
Ismael Bonfim,1520.5217509489207
Bogdan Guskov,1520.5049719874416
Jafel Filho,1520.3929195160122
Felipe Lima,1520.2230692020937
Tim Kennedy,1520.1695629110864
Reinier de Ridder,1520.1686527828258
Ed Herman,1520.1440108063566
Melissa Gatto,1520.1231390936346
Daniel Santos,1520.110282124197
Saidyokub Kakhramonov,1520.0533494051795
Nina Ansaroff,1520.0277921090938
Vitor Belfort,1519.9013287939085
Alan Belcher,1519.8627863628235
Morgan Charriere,1519.8553040564802
Jordan Mein,1519.8278219287847
Peter Yan,1519.7173307746389
Allan Nascimento,1519.7135081818765
Sara McMann,1519.6424084003454
Thiago Silva,1519.5314998087465
Magomed Mustafaev,1519.464307718113
Michelle Waterson,1519.439777550365
Nate Landwehr,1519.2917997960358
Nora Cornolle,1519.2566372290808
Chad Laprise,1519.2525761054567
Jacare Souza,1519.1997440739206
Lucas Martins,1519.1659548611601
Isaac Dulgarian,1519.1146853795285
Adriano Martins,1519.024440370348
Nikolas Motta,1518.9516575848338
Ariane da Silva,1518.9206772081177
Christian Leroy Duncan,1518.7299534458025
Kalinn Williams,1518.6975666580645
Khalid Murtazaliev,1518.5349491466288
Kajan Johnson,1518.5313779584444
Paul Sass,1518.4419157034044
Steve Erceg,1518.41843547281
Dmitry Sosnovskiy,1518.3666529014918
Eduarda Moura,1518.3498943167654
Ketlen Souza,1518.3267410534006
Yana Kunitskaya,1518.3116196455871
Germaine De Randamie,1518.2635508319165
Jonny Parsons,1518.2344298495125
Danaa Batgerel,1518.2309304316288
Leslie Smith,1518.2268667936553
Jake Shields,1518.0953391742119
Vincente Luque,1518.0604072427514
Alexis Davis,1518.0484513276922
Curtis Millender,1518.0379237227648
Trey Ogden,1517.9392889757876
Claudio Puelles,1517.9093405805647
Jhonata Diniz,1517.8613467192104
Fernando Padilla,1517.71353248988
Phillip Hawes,1517.6
Aliaskhab Khizriev,1517.6
Ryan Loder,1517.6
Mairon Santos,1517.6
Nathan Fletcher,1517.6
DongHun Choi,1517.6
Shi Ming,1517.6
Danny Silva,1517.581462997657
Maiquel Falcao,1517.574881249736
Rafael Natal,1517.544023145192
Ramazan Temirov,1517.5247764458215
Kevin Jousset,1517.4697918197342
Yanal Ashmouz,1517.3893521744858
Che Mills,1517.2725857325145
Tim Johnson,1517.2565584282245
Caio Magalhaes,1517.1758083111492
Alexander Gustafsson,1517.1019127510892
Marc Diakiese,1517.0933428178728
Aspen Ladd,1516.9800356324267
Melissa Mullins,1516.9481665555159
Rodolfo Bellato,1516.931972740671
Juan Espino,1516.841476170204
Jim Crute,1516.8339269212463
Tony Kelley,1516.8050131207306
Alekander Volkov,1516.8046833444885
Charles Jourdain,1516.780622406764
Da-Un Jung,1516.771280871341
Elves Brener,1516.7598055734563
Sean Sherk,1516.736306793522
Stephanie Luciano,1516.736306793522
Gerald Harris,1516.7343196373517
Travis Browne,1516.6744381051062
Sam Patterson,1516.6590270051938
Mansur Abdul-Malik,1516.6566175153814
Cesar Almeida,1516.594394916027
Dustin Jacoby,1516.592558757568
Wilson Reis,1516.5829435311873
Ariane Carnelossi,1516.5640801414206
Jennifer Maia,1516.3574227495562
Takeya Mizugaki,1516.3178096309814
Wang Guan,1516.2604290065835
Cameron Smotherman,1516.1140354277634
Caludia Gadelha,1516.1043245769931
Tom Duquesnoy,1516.0990018223458
Steve Bosse,1516.0732738691452
Daniel Zellhuber,1516.053534668432
Jamey-Lyn Horth,1516.04804081409
Ronnie Lawrence,1516.0381811111918
Zachary Reese,1516.0258066012652
Youssef Zalel,1516.0
Marcos Rogerio De Lima,1516.0
Ramon Taveras,1516.0
ChangHo Lee,1516.0
SuYoung You,1516.0
Lone'er Kavanagh,1516.0
Sergey Morozov,1515.9668152417157
Jesse Taylor,1515.9476929196464
Abdul-Kerim Edilov,1515.9078334743847
Rei Tsuruya,1515.899346395636
Heili Alateng,1515.7521343448693
Nurullo Aliev,1515.5653424281486
Antonio Carlos Junior,1515.435048319237
Rafael Estevam,1515.3625995476946
Jon Fitch,1515.3435052376733
MarQuel Mederos,1515.3338530851258
Max Griffin,1515.3274529434816
Aisling Daly,1515.3200791918707
Krzystof Jotko,1515.2853964193678
Puja Tomar,1515.263693206478
Cody Haddon,1515.2612159280868
Luiz Garagorri,1515.2563104759151
Magomed Gadzhiyasulov,1515.1901826246253
Brunno Ferreira,1515.1888299537616
Jamal Pogues,1515.1716289746273
Omar Antonio Morales Ferrer,1515.1488567755564
Caludio Puelles,1515.1397750248598
Montana De La Rosa,1515.0229817878565
Aleksei Oleinik,1514.9160008973715
Adam Wieczorek,1514.6616093615348
Mizuki,1514.6224878321368
 Jun Yong Park,1514.5847108608953
Jonathan Pearce,1514.5704619698781
Royston Wee,1514.5612260339533
Javier Vazquez,1514.4556405946803
Carlos Felipe,1514.314604911773
Michael Trizano,1514.1100880269926
Mason Jones,1513.9718356930543
Chidi Njokuani,1513.9676636075596
Tom Nolan,1513.8508766727557
Jordan Leavitt,1513.84272574974
Davey Grant,1513.8285440934455
Josh Samman,1513.6358744470906
Cameron Saaiman,1513.545455677156
Edmen Shahbazyan,1513.5027585312068
Luis Saldana,1513.4973613822199
Gaston Bolanos,1513.2135700261567
Kiichi Kunimoto,1513.1891103895505
Scott Holtzman,1513.1207542895736
Junyong Park,1513.0890643401574
Forrest Griffin,1513.0736712073287
Robert Peralta,1512.97167600228
Alexander Hernandez,1512.736185604106
JeongYeong Lee,1512.6998782000833
Felicia Spencer,1512.6092743530357
Joanne Calderwood,1512.399507782368
Josiane Nunes,1512.3570619387276
Bea Malecki,1512.2884151352073
Ben Nguyen,1512.2385348032926
Rich Attonito,1512.206150238283
Gleison Tibau,1511.9702490269392
Brad Riddell,1511.8549892723515
Mike Russow,1511.8141279936679
Elias Silverio,1511.7321826614611
Paddy Holohan,1511.6916473594147
Augusto Sakai,1511.540584203166
Terrance McKinney,1511.4951868994995
Manny Bermudez,1511.4897155074257
Tyson Pedro,1511.4811325150647
Joaquim Silva,1511.4302605352248
Paige VanZant,1511.3467530840915
Ovince Saint Preux,1511.1661603337143
Patrick Cote,1510.9847252035265
Rafa Garcia,1510.9059856754561
Brian Stann,1510.872312902625
Megan Anderson,1510.8294549914094
Gavin Tucker,1510.5762858962007
Mohammed Usman,1510.5541029830022
Da'Mon Blackshear,1510.3753027356463
Paul Craig,1510.2297521211865
Melvin Guillard,1510.1059633830916
Julia Avila,1510.075051627117
Viktoriia Dudakova,1509.896461987775
Sedriques Dumas,1509.5635899606868
Cody Durden,1509.3503687212585
Marco Beltran,1509.3305228726438
Ronny Markes,1509.2339713833915
Lyman Good,1509.0312493050478
Marlon Moraes,1509.0140698996265
Steven Siler,1508.8508652901896
Ildemar Alcantara,1508.75217177344
Tom Lawlor,1508.293649050843
Yazmin Jauregui,1508.1631554589628
Martin Kampmann,1507.916502761229
Niko Price,1507.889193831461
Mark Hunt,1507.2701623526732
Rocco Martin,1507.265138686876
Liz Carmouche,1507.2591472072977
Alan Patrick,1507.1741850491544
Maryna Moroz,1507.0831913765405
Clint Hester,1506.9709769378517
Jose Quinonez,1506.744094753169
Justin Tafa,1506.6401713133905
Chris Daukaus,1506.4261682013434
Michael Page,1506.2022680489156
Tatsuya Kawajiri,1505.9751017702633
Roan Carneiro,1505.826686821043
Tai Tuivasa,1505.4996860093684
Wanderlei Silva,1505.4869941969632
Mike Pyle,1505.355384154137
Tecia Pennington,1505.2761417284175
Alessandro Costa,1505.2646677658697
Chris Cariaso,1505.21234163414
Rick Glenn,1504.9938659444504
Anthony Perosh,1504.9726101972526
Diego Sanchez,1504.8680270688878
Tim Boetsch,1504.6315458903182
Joanne Wood,1504.6311122562063
Gabriella Fernandes,1504.5505190063357
Damon Jackson,1504.5420571529917
Michael Chandler,1504.1434964959863
Elizeu Dos Santos,1504.036240791321
Tresean Gore,1503.9447284952578
Siyar Bahadurzada,1503.9029445902222
Antonio Carvalho,1503.8131098681554
Tim Elliott,1503.7864648473042
Molly McCann,1503.745222344145
Alex Garcia,1503.5782049099755
Modestas Bukauskas,1503.5332834460398
Nina Nunes,1503.0878366581255
Karolina Kowalkiewicz,1503.0850185146342
Zak Ottow,1503.0536782898103
Melquizael Costa,1502.9860947262096
Ramiz Brahimaj,1502.9174186669363
Sultan Aliev,1502.844520756103
Jimi Manuwa,1502.7714519032863
Jason Saggo,1502.6943272907188
Angela Hill,1502.589771449643
Mike Wilkinson,1502.5505155434976
Chance Rencountre,1502.489415797511
Song Kenan,1502.4010929827791
Bruno Silva,1502.3631343317127
Don'Tale Mayes,1502.3430387561248
Bruna Brasil,1502.198238024824
Keita Nakamura,1502.0304539201454
Julia Polastri,1502.020937018199
Thomas Petersen,1502.004454227894
Joe Lauzon,1501.9815433972071
Bill Algeo,1501.9775843044122
Guram Kutateladze,1501.9066095952437
TJ Waldburger,1501.8669699432307
Irina Alekseeva,1501.803584911256
Xiao Long,1501.7723140022285
Adam Fugitt,1501.7538884366404
Viacheslav Borshchev,1501.7373928159684
Jarjis Danho,1501.7332477872715
Ryan Janes,1501.6814385875823
Kaue Fernandes,1501.648294754132
Brian Melancon,1501.645260754249
Erik Koch,1501.5436378772213
Victor Hugo,1501.5352088347854
Cheyanne Buys,1501.5236970737412
Rony Jason,1501.5181354871515
Shinsho Anzai,1501.4774488555745
Kenny Florian,1501.4588419722063
Aleksei Kunchenko,1501.2598271004906
Michal Oleksiejczuk,1501.2126574225688
Brianna Van Buren,1501.0791416364434
Anderson Silva,1501.0623782133096
Chelsea Chandler,1501.0531907460477
Lucas Almeida,1501.016442381102
Rong Zhu,1501.0108152287305
Kai Kara France,1500.9749678311812
Dione Barbosa,1500.941975011276
Paul Taylor,1500.8199413003556
Ricardo Almeida,1500.8064328407486
Alexander Munoz,1500.725856827584
Jorge Rivera,1500.725086967724
Josh Culibao,1500.7117761613158
Serhiy Sidey,1500.6940457377768
Billy Ray Goff,1500.6716094527117
Jose Torres,1500.628523503957
Joe Duffy,1500.5906024089365
Nick Ring,1500.575216780231
Nicco Montano,1500.5736344914624
Jesus Pinedo,1500.5467689684847
Cheyanne Vlismas,1500.4995146025199
Paul Kelly,1500.4850028104852
Galore Bofando,1500.4738003922246
Diego Nunes,1500.4195224786467
Aaron Simpson,1500.3387474061326
Rogerio Bontorin,1500.2143250509775
Chris Clements,1500.207402763388
Abubakar Nurmagomedov,1500.187010424073
Miguel Torres,1500.0838271501768
Patrick Walsh,1500.0739177642947
James Wilks,1500.0736822021024
Jonathan Meunier,1500.0390129654124
Raphael Pessoa Nunes,1500.0372934007955
Sai Wang,1500.037022200084
Hunter Azure,1500.0335011137015
Eddie Yagin,1500.0037753133784
Mackens Semerzier,1500.0
Montserrat Rendon,1499.9688395376297
Ricardo Abreu,1499.9475937282473
CB Dollaway,1499.9389530808862
Shauna Bannon,1499.9293751393257
Antonina Shevchenko,1499.8776373495793
Hector Sandoval,1499.844424958055
Todd Duffee,1499.8422383393238
Lavar Johnson,1499.8074593562217
Daria Zhelezniakova,1499.7974065873639
Mitch Gagnon,1499.7842397814682
Valter Walker,1499.7702019246963
Levan Makashvili,1499.6717099613015
Viviane Pereira,1499.6617239317616
Chris Kelades,1499.656751696302
Mounir Lazzez,1499.5633650203627
Evan Elder,1499.510802216794
Tony Gravely,1499.5016725283333
Montserrat Conejo,1499.43568124264
Sirwan Kakai,1499.43552085246
Tanner Boser,1499.4021156420981
Loik Radzhabov,1499.3987930882984
Lance Benoist,1499.3803643640497
Mizuki Inoue,1499.3772754971776
Abdul Razak Alhassan,1499.3650196152078
Tereza Bleda,1499.2804163179173
John Gunderson,1499.263693206478
An Ying Wang,1499.263693206478
Talita Alencar,1499.263693206478
Nah-Shon Burrell,1499.2416284389376
Diego Rivas,1499.223659221366
Junior Assuncao,1499.1984845745658
Nick Denis,1499.1543258848897
Waylon Lowe,1499.1503099442418
Armen Petrosyan,1499.1473007421343
Melissa Martinez,1499.125310249364
Michael Johnson,1499.0918230794025
Cung Le,1499.0395431554643
Ange Loosa,1499.012200853545
John Gunther,1498.8551273756777
Albert Duraev,1498.8170299761352
Aoriqileng,1498.7651523579818
Carlos Hernandez,1498.7470550281541
Fredy Serrano,1498.699675139128
Naoki Inoue,1498.601128727507
Ken Stone,1498.5618669299736
Shamil Gamzatov,1498.5604588869394
Francis Marshall,1498.539882716948
Ning Guangyou,1498.5004491970485
Darren Uyenoyama,1498.4182807792338
Gokhan Saki,1498.3853893391076
Kyle Watson,1498.358977259125
Igor Araujo,1498.3144314669091
John Salter,1498.303215556817
Danny Henry,1498.2911072956654
Bolaji Oki,1498.287682816551
Buddy Roberts,1498.2833547610355
Rich Franklin,1498.2190506500374
Benito Lopez,1498.209464131457
Nick Catone,1498.0465083633799
Mike Perry,1498.035326575782
Luke Barnatt,1498.0193638651044
Nick Maximov,1498.0075301485851
Jarred Brooks,1497.901844505614
Sijara Eubanks,1497.8917147748887
Ottman Azaitar,1497.8246024269276
Nad Narimani,1497.7984321766787
Pascal Krauss,1497.6850913178687
Daniel Barez,1497.673187439227
Azat Maksum,1497.6146163521187
Punahele Soriano,1497.6003073485026
Joe Ellenberger,1497.5900625271258
Carlos Condit,1497.5653819437348
Impa Kasanganay,1497.4312423065046
Randy Couture,1497.4286341397365
David Dvorak,1497.3860294513534
Alex Oliveira,1497.3474848751105
Luke Jumeau,1497.3118178367827
Tiago Trator,1497.3023592832342
Noad Lahat,1497.29274885803
Leah Letson,1497.2815264572432
Francisco Figueiredo,1497.164590306926
Roland Delorme,1497.1620431384388
Liu Pingyuan,1497.1282023541064
Zhang Lipeng,1497.1175876289296
Jimy Hettes,1497.0829608242684
Chael Sonnen,1497.065302862379
Nico Musoke,1496.9177464406196
Vladimir Matyushenko,1496.8968228094734
Wang Cong,1496.811962658493
Mark Godbeer,1496.7771631415508
Sam Hughes,1496.7334943410926
Anshul Jubli,1496.702254579066
Elise Reed,1496.645872717961
Evan Dunham,1496.5735000915377
Piera Rodriguez,1496.441699831782
Mana Martinez,1496.4247309700409
Ivan Jorge,1496.32836402055
Krzysztof Soszynski,1496.2910989992133
Ricky Turcios,1496.26359858721
Matt Hamill,1496.221601510974
Pablo Garza,1496.1595549071903
Matt Hughes,1495.985000350396
Kyle Nelson,1495.850118392533
Natan Levy,1495.7830240281958
Valerie Letourneau,1495.7420610969832
Cory McKenna,1495.4072418642077
Danny Castillo,1495.390883569704
Ben Askren,1495.3596910534272
Akira Corassani,1495.3033478820155
Mike Jackson,1495.290697598687
Marcelo Guimaraes,1495.2052615056584
Bartosz Fabinski,1495.164679002269
Alexandra Albu,1495.1179888097972
Ivan Menjivar,1495.088891625062
Mallory Martin,1495.054896907999
Brian Bowles,1495.0360104669405
Ramsey Nijem,1495.0198807567667
Thomas Almeida,1494.7797544277705
Ian Heinisch,1494.6509008090559
Cody Stamann,1494.63495529752
Joe Proctor,1494.6187907203741
Brad Katona,1494.3223861689203
Danny Roberts,1494.2950618149034
Hugo Viana,1494.2662337711977
Francimar Barroso,1493.9920832092012
Danilo Marques,1493.643562677823
Peter Sobotta,1493.5358702344315
Jai Herbert,1493.40077165169
Kenny Robertson,1493.3004548903893
Godofredo Pepey,1493.258882868151
Makwan Amirkhani,1493.0746619063966
Tim Means,1492.8900747586895
Kyle Noke,1492.8342919619247
Dongi Yang,1492.5980577648588
Matt Wiman,1492.4147960391463
Shayilan Nuerdanbieke,1492.3119665896659
Luana Pinheiro,1492.307068035697
Cyrille Diabate,1492.076911426459
Renan Barao,1492.0010043348361
Rampage Jackson,1491.828218505646
Frankie Saenz,1491.7018491095657
Maurice Greene,1491.693245113815
Bryan Barberena,1491.6632999273838
Yancy Medeiros,1491.369071783657
Jordan Rinaldi,1491.3311082057483
Cat Zingano,1491.1597789633643
Damir Hadzovic,1491.1356624106184
Livinha Souza,1490.7991929617338
Ian McCall,1490.7630130205632
Reza Madadi,1490.7470072938713
Muin Gafurov,1490.7379683813112
Trevin Giles,1490.4385462168768
Andrew Sanchez,1490.294796677968
Stefan Struve,1489.8675039133373
Raulian Paiva,1489.8590289839435
Mauricio Rua,1489.8542685808004
Ulka Sasaki,1489.7591031016689
Ryan Jimmo,1489.750576653996
Parker Porter,1489.6432999972737
Nick Hein,1489.6305778347278
Vinny Magalhaes,1489.592875671399
Leandro Silva,1489.5493008895146
David Branch,1489.5288844852578
Warlley Alves,1489.4320345912756
Timur Valiev,1489.3879790305682
Yana Santos,1489.3232082519467
Marcus Brimage,1489.3017004518244
Cody Brundage,1489.2288430722272
Kai Asakura,1488.956058034207
Jason High,1488.9290549771645
Felice Herrig,1488.7656461376941
Jason Knight,1488.7605844965894
Junior Tafa,1488.707188135172
Vitor Miranda,1488.632737177274
Preston Parsons,1488.578313535639
Mike Brown,1488.2734971141117
Roman Bogatov,1488.2354166432972
Cynthia Calvillo,1488.2293332299796
Francisco Prado,1488.2225861998133
Fabio Maldonado,1488.2000228065692
Katlyn Cerminara,1488.184304767182
Jimmy Crute,1488.1274290683768
Daron Cruickshank,1488.092758642568
Bassil Hafez,1487.9946326893403
Pannie Kianzad,1487.9263386591444
Bobby Moffett,1487.9088009710201
Yves Jabouin,1487.8721217979
Jamie Mullarkey,1487.7004843504474
Erick Silva,1487.478180822646
Maximo Blanco,1487.4361103281165
Gabe Green,1487.4062160796109
Zach Makovsky,1487.4000345392055
Derrick Krantz,1487.310437662417
Maxim Grishin,1487.2935020567204
Bekzat Almakhan,1487.231921575835
Neil Seery,1487.2117920890278
Felipe dos Santos,1487.2026935036026
Augusto Mendes,1487.1723408811067
Tristan Connelly,1487.115334927261
Carlos Leal,1487.11111427953
Mickael Lebout,1487.0681201540917
Stephanie Egger,1487.036078991701
Zachary Scroggin,1486.8148021030454
Riki Fukuda,1486.798223692931
Jon Tuck,1486.7905913604393
Jamall Emmers,1486.7888480140207
Irwin Rivera,1486.7796594914719
Daniel Roberts,1486.7045347540613
Leandro Issa,1486.6927507412515
Andrei Arlovski,1486.6599181208728
Masanori Kanehara,1486.6407572135636
Felipe Arantes,1486.5373692166424
Jose Johnson,1486.528339580616
Bruno Santos,1486.4680985892094
Gabriel Santos,1486.4009808650394
Mike Ricci,1486.3795163589098
Jake Hadley,1486.3622543532772
Gustavo Lopez,1486.3465668574074
Edgar Chairez,1486.3185726730762
Rob Broughton,1486.3026975899265
Antonio Braga Neto,1486.2374691045582
Rob Whiteford,1486.1816637651318
Glaico Franca,1486.160004702249
Carlos Eduardo Rocha,1486.069468108396
Mads Burnell,1486.067069021531
John Cholish,1486.0552071530165
Blagoy Ivanov,1486.049501445676
Mirko Cro Cop,1486.0378578551467
Tae Hyun Bang,1486.0333021537942
Westin Wilson,1486.0251415557423
Tony Sims,1485.955483765433
Manvel Gamburyan,1485.9019791165686
Bubba McDaniel,1485.8376799807972
Roberto Romero,1485.7515898289737
Michinori Tanaka,1485.7478365156362
Carlo Pedersoli,1485.7037439675917
Katsunori Kikuno,1485.662929859578
Daniel Omielanczuk,1485.6599623390139
Valmir Lazaro,1485.60213417919
Sheymon Moraes,1485.600535562624
Nick Pace,1485.5263177978975
Fatima Kline,1485.5217625592015
Zu Anyanwu,1485.5055707503152
Antonio McKee,1485.4728660316407
Carlos Vera,1485.4374709822525
Caolan Loughran,1485.3225883737832
Seungwoo Choi,1485.303152869709
Shamil Abdurakhimov,1485.2108072804197
Cindy Dandois,1485.1742574870348
Cristian Quinonez,1485.1039374800919
Roy Nelson,1485.099443521682
Tamdan McCrory,1485.0984665514886
Tom Gallicchio,1485.0094379465004
Ion Cutelaba,1484.9712693493034
Chris Barnett,1484.9534118343015
Jonathan Brookins,1484.9431324210218
Spike Carlyle,1484.9199431841078
Kurt Pellegrino,1484.8240828514254
Adam Yandiev,1484.8158258163223
Sheldon Westcott,1484.8156433623365
Nikolay Veretennikov,1484.8099091182016
James Head,1484.800341595873
Danyelle Wolf,1484.7873311739866
Ravena Oliveira,1484.783444690948
Hector Urbina,1484.769570716244
Matt Serra,1484.7688944289168
Don'tale Mayes,1484.736306793522
Mitch Raposo,1484.736306793522
Alex Munoz,1484.7313105258377
Zviad Lazishvili,1484.7194485861503
Jake Hecht,1484.6977572924284
Shane Carwin,1484.6923635934997
Bojan Velickovic,1484.673375501079
Derrick,1484.6003373456485
Daichi Abe,1484.5025932586327
Greg Hardy,1484.468377177216
Lara Procopio,1484.4682373042294
Chico Camus,1484.4650539589231
Joachim Christensen,1484.3036979092165
Ode Obsourne,1484.261011095572
Ivana Petrovic,1484.259923137024
Mike Swick,1484.255226744634
Joe Merritt,1484.1614758211954
AJ Cunningham,1484.1497156716848
Mike Easton,1484.1076900199635
Hyun Gyu Lim,1484.0848838733816
Court McGee,1484.0825222818564
Jeff Hougland,1484.0728784300127
Caros Fodor,1484.0545464155427
Melinda Fabian,1484.0311459472985
Dustin Kimura,1484.0280681598845
Marcel Fortuna,1484.026204383926
Heather Jo Clark,1484.0031206663305
Jose Daniel Medina,1484.0012458095553
Ronys Torres,1484.0
Rob Emerson,1484.0
Mostapha Al-Turk,1484.0
Paul Daley,1484.0
Yoshiyuki Yoshida,1484.0
Dan Lauzon,1484.0
Joe Brammer,1484.0
Keith Jardine,1484.0
James Hammortree,1484.0
Steve Steinbeiss,1484.0
Mark Scanlon,1484.0
Tyler Toner,1484.0
Sako Chivitchian,1484.0
Antonio Banuelos,1484.0
Chuck O'Neil,1484.0
Ryan McGillivray,1484.0
Stephen Bass,1484.0
Chris Tickle,1484.0
John Teixeira,1484.0
Manuel Rodriguez,1484.0
Brendan Loughnane,1484.0
Jon Manley,1484.0
Chris Spang,1484.0
Gilbert Smith,1484.0
Collin Hart,1484.0
Roger Gracie,1484.0
Peggy Morgan,1484.0
Dave Galera,1484.0
Albert Cheng,1484.0
Daniel Spohn,1484.0
Tina Lahdemaki,1484.0
Jianping Yang,1484.0
Rodolfo Rubio,1484.0
Humberto Brown,1484.0
Alex Torres,1484.0
Izabela Badurek,1484.0
Rocky Lee,1484.0
Nazareno Malegarie,1484.0
Bruno Korea,1484.0
Vernon Ramos,1484.0
Marcin Wrzosek,1484.0
Abner Lloveras,1484.0
Cory Hendricks,1484.0
Keith Berish,1484.0
James Mulheron,1484.0
Joe Giannetti,1484.0
Jay Cucciniello,1484.0
Allan Zuniga,1484.0
Tyler Diamond,1484.0
Alex Gorgees,1484.0
Ben Sosoli,1484.0
Ali AlQaisi,1484.0
Aori Qileng,1484.0
Hailey Cowan,1484.0
Igor Severino,1484.0
Pedro Falcao,1484.0
Ernesta Kareckaite,1484.0
Baergeng Jieleyisi,1484.0
Jose Ochoa,1484.0
Roger Narvaez,1483.9983803620792
Willamy Freire,1483.9636108080977
Cole Smith,1483.95511897995
Carlos Mota,1483.9302706603296
Dean Barry,1483.9282069251656
Gilbert Urbina,1483.9055501640778
Callan Potter,1483.9028125194352
Niklas Backstrom,1483.8867704322852
Felipe Bunes,1483.879162891337
Luci Pudilova,1483.8732720516184
Cortavious Romious,1483.8654888597337
Ian Entwistle,1483.8523990731555
John Maguire,1483.8108053359147
Chris Gruetzemacher,1483.7878995468277
KJ Noons,1483.7689007467739
Pete Rodriguez,1483.7611518524873
Liliya Shakirova,1483.7066154092847
Mitch Ramirez,1483.6866129763687
Yan Cabral,1483.671557475364
Augusto Montano,1483.623720436388
Austen Lane,1483.5476825302403
Robelis Despaigne,1483.459815346819
Danny Chavez,1483.4318093138106
Trevor Peek,1483.4296569640899
Austin Springer,1483.4274556956245
Miguel Baeza,1483.4210860922421
Joshua Culibao,1483.417490141323
Lewis Gonzalez,1483.416714342932
Zhalgas Zhamagulov,1483.4044159623995
Josh Neer,1483.4022262947485
Magomed Bibulatov,1483.378283530523
Askar Mozharov,1483.36328477214
Toshiomi Kazama,1483.3392528048676
Danielle Taylor,1483.3364542209797
Simeon Thoresen,1483.3344215853554
Angel Pacheco,1483.3281887386183
Ali Qaisi,1483.3275514595998
Jimmy Flick,1483.3243686151548
Brendson Ribeiro,1483.322223430007
Jordan Vucenic,1483.3200733350843
Nathan Coy,1483.3098101743135
Philip Rowe,1483.305179457066
Joe Doerksen,1483.302036898802
Benny Alloway,1483.2976013366472
Greg Soto,1483.2938152519737
Carlo Prater,1483.2931353681686
Ozzy Diaz,1483.290799112912
Khusein Askhabov,1483.2899260809957
Reginaldo Vieira,1483.2833797857434
Milton Vieira,1483.263693206478
Jesse Bongfeldt,1483.2508689468061
Lucas Rocha,1483.2497097828352
Raphael Pessoa,1483.240487348592
Guilherme Vasconcelos,1483.2330938049734
Allen Crowder,1483.2318341681075
Maciej Jewtuszko,1483.2283057342675
Anton Kuivanen,1483.2208398189753
Stewart Nicoll,1483.2126531772738
Phil Baroni,1483.2099374728741
Steve Lopez,1483.1901826246253
Henry Martinez,1483.1845909703566
Martin Sano,1483.1800970249344
Karo Parisyan,1483.172713889777
Rafael Cerqueira,1483.172388905883
Nyamjargal Tumendemberel,1483.16790449516
Matt Lucas,1483.1514377209153
Juliana Miller,1483.1501545135327
Yoshinori Horie,1483.1430562150506
Matt Grice,1483.1421985779355
Christian Aguilera,1483.1124513479704
Juliana Lima,1483.090612513044
Sarah Kaufman,1483.0768690038472
Roberto Sanchez,1483.0275089818476
SeungWoo Choi,1482.9593479654488
Emily Ducote,1482.9429191949014
Adam Milstead,1482.917376345064
Kamuela Kirk,1482.8811513808805
Tarec Saffiedine,1482.7893106040287
Maheshate,1482.7290920715395
Pawel Pawlak,1482.7249793488154
Andre Ewell,1482.6651286590527
Nick Roehrick,1482.637953561019
Jerrod Sanders,1482.6293589217491
Robert Bryczek,1482.6161308458938
Isabela De Pauda,1482.59293228843
Yui Chul Nam,1482.5728504117756
Ian Loveland,1482.5286320469988
Geraldo de Freitas,1482.5275738833925
Carli Judice,1482.5275081571822
Steven Nguyen,1482.5271906092084
Matt Hobar,1482.525086324371
Ivan Erslan,1482.5066624518504
Andrew Craig,1482.4970416589872
Luke Zachrich,1482.4958636580725
Aaron Riley,1482.4773179124966
Will Chope,1482.4410032794265
Issei Tamura,1482.4393440579674
Felipe Silva,1482.4356384401187
Ernest Chavez,1482.4309730105656
Austin Lingo,1482.4186879732608
Joe Soto,1482.4183665069759
Francisco Trevino,1482.4079871145975
Luis Pajuelo,1482.406058084168
Marcus Davis,1482.403732509828
Paul Buentello,1482.4
Shannon Gugerty,1482.4
Chase Gormley,1482.4
Rory Markham,1482.4
Nate Quarry,1482.4
Caol Uno,1482.4
Lucio Linhares,1482.4
Renzo Gracie,1482.4
Brad Blackburn,1482.4
Matt Veach,1482.4
Kevin Ferguson,1482.4
Jonathan Goulet,1482.4
Jesse Forbes,1482.4
Chuck Liddell,1482.4
Jesse Lennox,1482.4
Jamie Yager,1482.4
Josh Bryant,1482.4
James Toney,1482.4
Vinicius Queiroz,1482.4
Aaron Wilkinson,1482.4
Fredson Paixao,1482.4
Tom Blackledge,1482.4
Charlie Valencia,1482.4
Tim Credeur,1482.4
Dustin Neace,1482.4
Chris Saunders,1482.4
Anistavio Medeiros,1482.4
Delson Heleno,1482.4
Marcos Vinicius,1482.4
Wagner Campos,1482.4
Adam Cella,1482.4
Jimmy Quinlan,1482.4
Nandor Guelmino,1482.4
Mike King,1482.4
Bentley Syler,1482.4
Martin Svensson,1482.4
Bharat Kandare,1482.4
Christina Marks,1482.4
Karine Gevorgyan,1482.4
Ariel Beck,1482.4
Maia Stevenson,1482.4
Richie Smullen,1482.4
Justin Frazier,1482.4
Michel Batista,1482.4
Duda Santana,1482.4
Steven Koslow,1482.4
SeungGuk Choi,1482.4
Manolo Zecchini,1482.4
Benardo Sopaj,1482.4
Tuco Tokkos,1482.4
Robert Valentin,1482.4
Kaan Ofli,1482.4
Zygimantas Ramaska,1482.4
Kiru Sahota,1482.4
Feng Xiaocan,1482.4
Curt Warburton,1482.399448008568
Garrett Armfield,1482.386429386356
Klaudia Sygula,1482.3652182681478
Brock Lesnar,1482.3572761801033
Alexandre Ferreira,1482.3230552558239
Abdul-Kareem Al-Selwady,1482.3189495776871
Cyril Asker,1482.2799924319143
Luan Chagas,1482.1981427265364
Matthew Semelsberger,1482.110992235064
Josh Thomson,1482.09342557478
Gabriel Miranda,1482.043145145923
Braxton Smith,1481.9112706107735
Clifford Starks,1481.8879649222595
Rogerio Nogueira,1481.8833389087347
Jim Alers,1481.8501084544855
Cody McKenzie,1481.7988315319803
Sung Bin Jo,1481.7671326016543
Masio Fullen,1481.7602495017195
Jamie Moyle,1481.7568567055505
Max Rohskopf,1481.7202951131108
David Michaud,1481.7081520498477
Joshua Weems,1481.6333890877718
Justine Kish,1481.6306222316964
Bubba Bush,1481.5900625271258
Eddie Mendez,1481.5881996619553
Shunichi Shimizu,1481.5828375904098
Sabina Mazo,1481.5675567996034
Filip Pejic,1481.5540540510503
Ryan Jensen,1481.509200887088
David Loiseau,1481.509200887088
Roger Zapata,1481.509200887088
Jeka Saragih,1481.5060772926206
Ricardo Romero,1481.4722081586413
Justin Lawrence,1481.4701039787085
Na Liang,1481.4036011243422
Mandy Bohm,1481.4017420553705
Blake Bilder,1481.3712682656894
Chad Anheliger,1481.3526495977405
Johnny Bedford,1481.313760343298
Joseph Morales,1481.198354100651
Nadia Kassem,1481.137635343669
Ron Stallings,1481.1367449292723
Brok Weaver,1481.1113645277067
Shamar Bailey,1481.0087359536278
CJ Vergara,1480.9902520350608
Hans Stringer,1480.967458056433
Stanislav Nedkov,1480.9384323485747
Aaron Rosa,1480.93510132492
Felipe Olivieri,1480.8686389857778
Sean Sharaf,1480.8624213098046
Marcus LeVesseur,1480.812682648171
Connor Matthews,1480.7656075922478
Deron Winn,1480.7198431353584
Sean McCorkle,1480.6611425405033
Rodrigo Damm,1480.6495970358217
Poliana Botelho,1480.6082207694321
Misha Cirkunov,1480.5638337879127
Gabriel Gonzaga,1480.5324203845837
Abu Azaitar,1480.4852846488047
Sasha Palatnikov,1480.3931420789233
Lucas Alexander,1480.354282098985
Milana Dudieva,1480.2596428305073
Rob Kimmons,1480.1851477030364
Thiago Perpetuo,1480.173825325525
Mike Guymon,1480.070118833222
Kanako Murata,1480.0522905771206
Josh Stansbury,1480.0450014765936
Orion Cosce,1480.0359144548358
Devonte Smith,1480.000506735916
Philip De Fries,1479.9814744308032
Khama Worthy,1479.9605459841564
Jeremy Stephens,1479.7653204844867
Kyle Kingsbury,1479.6163320608969
Cody Gibson,1479.5567760817833
Chris Camozzi,1479.5102475358967
William Knight,1479.44936151163
Amir Sadollah,1479.3181094049285
Clay Harvison,1479.2916874870007
Erick Montano,1479.2334885532
Dylan Andrews,1479.1905971481215
George Sullivan,1479.19048359416
Hacran Dias,1478.9363251164655
Patrick Cummins,1478.8724729365672
Justin Salas,1478.8704407191278
Andrew Holbrook,1478.8608011302344
Chris Beal,1478.6518270679808
Dustin Stoltzfus,1478.537386103171
Matthew Lopez,1478.467529340124
Brian Kelleher,1478.2288293139638
Dan Hardy,1478.1465781514937
Louis Smolka,1478.0682788708746
Walt Harris,1477.9576647622168
Devin Clark,1477.9266971862312
Justin Scoggins,1477.727074183823
Chris Cope,1477.7082475911932
Phil Hawes,1477.4532174126903
Seth Baczynski,1477.297125171326
Bethe Correia,1477.2845411550823
Tyson Nam,1477.1639537513963
Darren Stewart,1476.935471931758
Emil Meek,1476.9314333756347
Gabriel Benitez,1476.8668586043236
Julian Marquez,1476.8043564454738
Justin Ledet,1476.178373671617
Rashad Evans,1476.076174010138
Marc-Andre Barriault,1476.0741366546572
Clay Guida,1475.7018274926072
Anthony Njokuani,1475.2790056119327
Frank Mir,1475.22389461039
Guido Cannetti,1475.072525790925
Rafael Alves,1474.993865440906
James Moontasri,1474.8136475192773
Dan Henderson,1474.7459394959087
Francisco Rivera,1474.679008514987
Trevor Smith,1474.104931557424
Priscila Cachoeira,1473.9269757076418
AJ Fletcher,1473.8868890772083
Russell Doane,1473.797237910973
Nick Diaz,1473.7897033080014
Geane Herrera,1473.565399860574
James Te Huna,1473.539179368305
Eric Shelton,1473.2707170607048
Darrick Minner,1473.1936988179443
Luke Sanders,1473.1059504870134
Cole Miller,1473.1007622270247
Kron Gracie,1472.943780099213
Polyana Viana,1472.8822694240348
Minotauro Nogueira,1472.8455590437165
Daniel Sarafian,1472.6300178093677
Mike Breeden,1472.6197733973795
Mickey Gall,1472.3927873313917
Phillipe Nover,1472.3782712645416
Ariane Lipski,1472.2154396527078
Austin Hubbard,1472.02473260031
Vanessa Melo,1471.863958218786
Scott Askham,1471.8390974156566
Khalid Taha,1471.8279967965284
Jack Marshman,1471.8166980628828
George Roop,1471.7347872738214
Jessica-Rose Clark,1471.6369869498972
Elizabeth Phillips,1471.6286032445312
Louis Gaudinot,1471.5966897315052
Kyle Daukaus,1471.5057495145363
Christos Giagos,1471.4883748456027
Piotr Hallmann,1471.4849680833925
Trevin Jones,1471.467851299412
Frankie Perez,1471.3467872073452
Matt Schnell,1471.2699062256731
Craig White,1471.2296556451151
Bradley Scott,1471.222520277827
Will Brooks,1471.0155534281082
Ray Rodriguez,1471.0095461864883
Isaac Vallie-Flagg,1470.9167664277722
Kevin Croom,1470.8986950252418
Felipe Colares,1470.8924391944918
Danny Martinez,1470.8567080811486
Rostem Akman,1470.810914258042
Anderson Dos Santos,1470.806814324422
Yosdenis Cedeno,1470.7847145193357
Marcin Held,1470.7808368541225
Steven Peterson,1470.7198703643348
Yaotzin Meza,1470.7002583002995
Eduardo Garagorri,1470.67915457917
Dennis Buzukja,1470.6678139480762
Akbarh Arreola,1470.659862709988
Shane Roller,1470.634579534434
Hatsu Hioki,1470.6090706511031
Damian Stasiak,1470.595300770584
Don Shainis,1470.5510167338844
Mike Grundy,1470.5124420603975
Alex Nicholson,1470.5084168854287
Darrell Horcher,1470.4776839429912
Stefan Sekulic,1470.4300320826503
Marcin Prachnio,1470.370744813808
Ricky Glenn,1470.368426599044
Kleydson Rodrigues,1470.365880698504
John Allan,1470.3567215582395
Luigi Vendramini,1470.3268855177464
TJ Brown,1470.3072955330092
Dwight Grant,1470.2776288360158
Mehdi Baghdad,1470.269871093493
Carlos Huachin,1470.2123769641694
Landon Quinones,1470.1925837328329
Kevin Aguilar,1470.1723168140056
Clay Collard,1470.1584328844756
Josh Clopton,1470.1301111590979
Tor Troeng,1470.113467839832
Liudvik Sholinian,1470.0965430234828
Kevin Casey,1470.0862465360276
Michael McBride,1470.040177888901
Edwin Figueroa,1470.0237287644661
Klidson Abreu,1470.005627802152
Dan Miller,1469.9331546766655
Alex Da Silva,1469.9216599507922
Mike de la Torre,1469.845591285142
Alessandro Ricci,1469.786831166269
Jay Hieron,1469.7795412025628
Gabriel Silva,1469.753492696977
Batgerel Danaa,1469.735152734107
Chris Fishgold,1469.6490096720845
Johnny Munoz,1469.6305600221333
Quang Le,1469.6293865236507
Dylan Budka,1469.6138363241405
Shanna Young,1469.6101613852304
Josh Fremd,1469.5890395546185
Tim Gorman,1469.588076607878
Rodney Wallace,1469.5425313119845
Paul Bradley,1469.5337849439347
Junior Hernandez,1469.5287614002032
Devin Powell,1469.5139676046888
Paul Redmond,1469.5037763298187
Joao Zeferino,1469.502400057238
Vagner Rocha,1469.4828456457938
Kay Hansen,1469.4554568662359
Jason Novelli,1469.447900814071
Sarah Frota,1469.4260095959128
Enrique Marin,1469.42494993441
Lauren Mueller,1469.424750823018
Bruno Souza,1469.4219931195662
Josh Copeland,1469.3997536718289
Kazula Vargas,1469.3788663750386
Jesse Butler,1469.3604600957708
Marion Reneau,1469.358584000635
Dhiego Lima,1469.3380405794383
William Patolino,1469.3201401182002
Matt Bessette,1469.2998107057772
Oliver Enkamp,1469.232539208597
Damien Brown,1469.202271621715
Kyle Prepolec,1469.2004877998083
AJ Dobson,1469.1188058740854
Johnny Eduardo,1469.1038239783259
Karlos Vemola,1469.0411896052801
Yanis Ghemmouri,1468.9866379484768
Mats Nilsson,1468.9412266744346
Alex White,1468.933235175167
Juan Puig,1468.9239974959676
Austin Arnett,1468.914848871114
Tim Hague,1468.8919920804785
Jon Olav Einemo,1468.8786384801017
Joe Gigliotti,1468.8691967642537
Joey Gambino,1468.8594593234461
Mark Striegl,1468.8486042327688
Cristiano Marcello,1468.8209310531734
Gilbert Yvel,1468.779570357742
Jin Soo Son,1468.7791367466166
Tateki Matsuda,1468.7751397270845
Teemu Packalen,1468.7732700199942
Ericka Almeida,1468.771297626314
Carl Deaton,1468.7677664920932
Danny Mitchell,1468.7669060949013
Chad Griggs,1468.7582155933028
Lando Vannata,1468.7440355386107
Julie Kedzie,1468.736306793522
Alexis Dufresne,1468.736306793522
Rayanne dos Santos,1468.736306793522
Luiz Cane,1468.7352630686437
Jeff Curran,1468.7352309789967
Luis Henrique,1468.7322398531553
Jason Miller,1468.7118884596262
Justin Jones,1468.7044212080184
Danny Downes,1468.701908023328
Yao Zhikui,1468.6959544828053
Dan Argueta,1468.684876106235
TJ Laramie,1468.6498014536212
Daniel Pineda,1468.639032501007
Josh Ferguson,1468.6388276716334
Terry Etim,1468.6262489394053
Jarno Errens,1468.622863404707
Reuben Duran,1468.6211258286387
Gadzhi Omargadzhiev,1468.6065647940268
Jason Young,1468.606511953751
Nick Fiore,1468.589771182864
Humberto Bandenay,1468.5830319089978
Joshua Sampo,1468.5769695252243
Jonavin Webb,1468.5762312210918
Saparbeg Safarov,1468.5527190252087
Tiequan Zhang,1468.5260899464151
Willie Gates,1468.429008832393
Matt Dwyer,1468.3734108883375
Nohelin Hernandez,1468.3404188519091
Carlton Minus,1468.2880664802865
Quinn Mulhern,1468.2659454817974
Shana Dobson,1468.2364565087978
Justin Jaynes,1468.191638135862
Joey Gomez,1468.1406089979114
Horacio Gutierrez,1468.1374227903666
Jorge Lopez,1468.1039530166133
Seohee Ham,1468.1019680888962
Matt Sayles,1468.099329246214
Hernani Perpetuo,1468.0865956355626
Michael Kuiper,1468.0733536337507
Wendell Oliveira,1468.067601496311
Pearl Gonzalez,1468.055873292106
Timmy Cuamba,1468.0490684324834
Nolan Ticman,1468.0339081301693
Chanmi Jeon,1468.033767031417
Cole Williams,1468.0173804252827
Kendall Grove,1468.0151279853396
Dileno Lopes,1468.009671190594
KB Bhullar,1468.0058224048178
Julio Paulino,1468.0
Colin Fletcher,1468.0
Bernardo Magalhaes,1467.9987112564052
Patrick Williams,1467.997744828343
Shayna Baszler,1467.9899876555728
Guto Inocente,1467.9868275161089
Val Woodburn,1467.9738216535843
Marnic Mann,1467.9671176685763
Leonardo Augusto Leleco,1467.9591189134903
Te Edwards,1467.9511199113695
Jessica Rakoczy,1467.9425313119846
Jimmy Wallhead,1467.9375578935637
Yuri Villefort,1467.9259530108102
Richard Walsh,1467.9213057183658
Yusuke Kasuya,1467.913174546275
Steve Montgomery,1467.9118407178332
Amilcar Alves,1467.9090203319354
Alex Soto,1467.9029271607994
Tom DeBlass,1467.9024426164667
Rosi Sexton,1467.885296426952
Vaughan Lee,1467.8644835270418
Yasuhiro Urushitani,1467.8642402430887
Peter Barrett,1467.861583725041
Wagner Prado,1467.8547450536078
Vik Grujic,1467.842809148416
Louis Cosce,1467.8151372940358
Luan Lacerda,1467.797890938018
Michel Quinones,1467.7707315800174
Richardson Moreira,1467.7667874258268
Silvana Gomez Juarez,1467.7433247267616
Darko Stosic,1467.7370456103758
Leonardo Mafra,1467.723277252684
Jamey Simmons,1467.719001397117
Sam Sicilia,1467.7109812847539
Gasan Umalatov,1467.6997474336697
Jason Witt,1467.6425302475213
Anthony Ivy,1467.5979940411908
Jessin Ayari,1467.5688017934967
Gaetano Pirrello,1467.5518234303963
Tucker Lutz,1467.501843346288
Journey Newson,1467.4975149656618
Jason Gonzalez,1467.488751458733
John Alessio,1467.4793669891983
Mariya Agapova,1467.467509904105
Byron Bloodworth,1467.4524044489954
Brian Houston,1467.3942140547101
Michal Figlak,1467.3737005076393
Nick Penner,1467.370086831099
Yizha,1467.343895418617
Mario Miranda,1467.3391045116614
Mark Eddiva,1467.3371394390244
Talita Bernardo,1467.3207839363567
Rin Nakai,1467.2712235216698
Motonobu Tezuka,1467.2646196335136
Tim Williams,1467.2640108730645
Maria Oliveira,1467.2623011432918
Terrence Mitchell,1467.2613854139765
Chris Avila,1467.2611423212609
Roger Hollett,1467.2516540315794
CM Punk,1467.2497763876377
Todd Brown,1467.2478571439183
Eric Spicely,1467.2324778363482
Jon Delos Reyes,1467.221783555681
Alice Ardelean,1467.2200255323337
Thomas Gifford,1467.2177564277997
Phil Harris,1467.2130457030169
Kazuki Tokudome,1467.2105540608065
Mark Holst,1467.2099374728741
Luiz Dutra,1467.2099374728741
Alan Omer,1467.2099374728741
Carls John De Tomas,1467.2099374728741
Pat Audinwood,1467.2098173753748
Mike Lullo,1467.2098173753748
Dan Stittgen,1467.2098173753748
Saimon Oliveira,1467.2053702542057
Kevin Borjas,1467.2015668139722
Jonathan Wilson,1467.2005063986596
Bevon Lewis,1467.1905366243468
Mike Rio,1467.1856468870942
Andreas Stahl,1467.1835193817135
Azamat Gashimov,1467.1806875700045
Brendan O'Reilly,1467.1596861847888
Goran Reljic,1467.153793432723
Juancamilo Ronderos,1467.1501831557282
Josh Shockley,1467.1441751267548
Anna Elmose,1467.1370091799442
Mike Stumpf,1467.1331330623702
Emily Peters Kagan,1467.116706302852
Ryan Couture,1467.1128343187027
Alptekin Ozkilic,1467.099664143694
Omar Morales,1467.0870384054665
Konstantin Erokhin,1467.0827500318653
Elvis Mutapcic,1467.0600464346846
Jeremy Kimball,1467.0481226817838
Aleksa Camur,1467.003602728075
JC Cottrell,1466.968722346691
Sarah Alpar,1466.9533585166087
Ashkan Mokhtarian,1466.9488292766073
Grigorii Popov,1466.8661075387583
Rongzhu,1466.8131631675722
Takenori Sato,1466.780823711318
Claudio Ribeiro,1466.7521437324317
Brock Jardine,1466.7518591922803
Erik Silva,1466.7364771023936
Dakota Bush,1466.6804044904031
Renee Forte,1466.6429760209976
Brandon Thatch,1466.6055065161654
Josh Quinlan,1466.5975263559446
Jesse Strader,1466.5969443492056
Fernando Bruno,1466.5968654010192
Bart Palaszewski,1466.5751727458437
Nick Aguirre,1466.5516592844947
Andre Winner,1466.5465557564523
Brandon Jenkins,1466.5444075486553
Vince Cachero,1466.5408362628234
Roman Salazar,1466.5354320693077
Wagner Silva,1466.5337291614426
Pat Schilling,1466.5135961995
Syuri Kondo,1466.5130932749562
Leo Kuntz,1466.5072496746952
Anthony Christodoulou,1466.5003733208753
Rolando Dy,1466.4908379370129
Anton Zafir,1466.4809026782332
Brendon Marotte,1466.4754655555948
Jacob Kilburn,1466.4736822021025
Brogan Walker,1466.4736822021025
Victor Altamirano,1466.458299311839
Jason MacDonald,1466.457477976595
Joe Riggs,1466.4557126494515
Roldan Sangcha-an,1466.453665149032
Eddie Gordon,1466.4526099381465
Forrest Petz,1466.4410515714314
Tomasz Drwal,1466.4410227252745
Cesar Arzamendia,1466.4402541209104
Ulysses Gomez,1466.435584731003
Yorgan De Castro,1466.4210725277112
Mara Romero Borella,1466.414457712319
Shane Howell,1466.4052735305168
Chris Indich,1466.4
Leonardo Morales,1466.4
Jose Maria,1466.3896260090205
Kaynan Kruschewsky,1466.3711952240055
Mohammad Yahya,1466.368710243933
Carlos Candelario,1466.3642547068503
Christian Morecraft,1466.3609211728453
Dong Hyun Ma,1466.3513391181684
Cortney Casey,1466.3394180202606
Marcelo Golm,1466.327212974614
Donny Walker,1466.3189495776871
Walel Watson,1466.312056561901
Larissa Pacheco,1466.3072696285717
Laureano Staropoli,1466.2973967526052
Ryan MacDonald,1466.28608892864
Elias Garcia,1466.2794268709247
Karl Roberson,1466.2734131817665
Ricky Rainey,1466.2707897226348
Kris Moutinho,1466.237723144958
Jake Ellenberger,1466.2331794805839
Collin Anglin,1466.1971759848343
Marcos Mariano,1466.1626474937048
Alvaro Herrera,1466.071052097785
Jordan Espinosa,1466.0593730414744
Cody Pfister,1466.036108396753
Rodrigo de Lima,1465.9124981617422
Zarrukh Adashev,1465.9112064323137
Gloria de Paula,1465.894634744345
TJ O'Brien,1465.8840525451167
Kyle Stewart,1465.868255638176
Anthony Lapsley,1465.8594233418837
Antonio Trocoli,1465.8474424504543
Andreas Michailidis,1465.8308373754603
Rob Wilkinson,1465.826753558058
Eric Wisely,1465.8026004522565
Chris de la Rocha,1465.7911319183515
Shane del Rosario,1465.774248126697
Suman Mokhtarian,1465.7680965198895
George Sotiropoulos,1465.7426162281242
Steve Kennedy,1465.7360547616177
Jack May,1465.7360238000012
Christian Colombo,1465.7336440603465
CJ Keith,1465.7317389320974
Cristina Stanciu,1465.714328434227
Ednaldo Oliveira,1465.7046437869135
James Irvin,1465.6907991129121
James McSweeney,1465.6907991129121
Joseph Sandoval,1465.6907991129121
John Cofer,1465.6907991129121
Bristol Marunde,1465.6907991129121
Sheila Gaff,1465.6907991129121
Charlie Ward,1465.6907991129121
Aalon Cruz,1465.6907991129121
Roosevelt Roberts,1465.6896985479036
Cain Carrizosa,1465.6886281212053
Kiefer Crosbie,1465.688129040478
Daniel Spitz,1465.6714916184949
Marcin Bandel,1465.6525630425194
Dustin Hazelett,1465.6499595002344
Chris Tuchscherer,1465.6456741151103
Chris Leben,1465.6366378145324
Kelly Faszholz,1465.6355705061633
Oli Thompson,1465.615481480948
Kwan Ho Kwak,1465.6128802072649
Tamires Vidal,1465.6053639404402
Jorge de Oliveira,1465.5911833434443
Cameron Else,1465.5759508151116
Besam Yousef,1465.5646201448185
Jenel Lausa,1465.538713706999
Ben Wall,1465.5298326603472
Victor Martinez,1465.5135935743785
Juan Adams,1465.339244387373
Papy Abedi,1465.3220908268202
Sean Spencer,1465.3093630395263
Roger Bowling,1465.2490186126993
Eiji Mitsuoka,1465.2382065062209
Luis Ramos,1465.19771888989
David Zawada,1465.17831724489
Anthony Birchak,1465.1418286579253
Cameron VanCamp,1465.1276704962568
Yoislandy Izquierdo,1465.0427790900237
Colton Smith,1465.010566757957
Jessamyn Duke,1464.967681605633
Marco Polo Reyes,1464.9594054589347
Danilo Belluardo,1464.957123758271
Drako Rodriguez,1464.9478208864402
James Bochnovic,1464.926416624612
Dashon Johnson,1464.925650365451
Seth Petruzelli,1464.9183482104825
Yusaku Kinoshita,1464.8917179332118
Jason Reinhardt,1464.881050422313
Lisa Ellis,1464.881050422313
Hayder Hassan,1464.881050422313
Jason Brilz,1464.878419391009
Montserrat Conejo Ruiz,1464.8699997370798
Gabe Ruediger,1464.8437519061224
Tommy Hayden,1464.843379299325
Micheal Gillmore,1464.8220540301515
Joseph Holmes,1464.777401967368
Alberto Uda,1464.7467449691576
Kai Kamaka,1464.7447852860387
Dusko Todorovic,1464.7025252110063
Randy Costa,1464.7007580267277
Charalampos Grigoriou,1464.6530742788514
DaMarques Johnson,1464.601128600983
Teruto Ishihara,1464.493907636911
Tom Niinimaki,1464.4899372965833
Richie Vaculik,1464.4448095074263
Chris Dempsey,1464.4388924838559
Barb Honchak,1464.3709074839219
Thiago Alves,1464.3147431251125
Victor Rodriguez,1464.3139002619791
Martin Bravo,1464.301639298598
Gadzhimurad Antigulov,1464.2726337183162
Jared Hamman,1464.2548388325952
Alexander Yakovlev,1464.220214847546
Chris Heatherly,1464.1911255847056
Herbert Burns,1464.1852343459072
Henrique da Silva,1464.1090915218817
Rashad Coulter,1464.0668991097325
Edward Faaloloto,1464.0310913517317
Daniel Jolly,1464.0310088550325
Matt Van Buren,1464.011443911802
Edgar Garcia,1463.990366314062
Boston Salmon,1463.9587202110613
Jared Gooden,1463.9346913972918
Yohan Lainesse,1463.8096663756317
Rachael Ostovich,1463.7994953661262
Amanda Cooper,1463.7962475753136
Brandon Vera,1463.7282556926727
Vince Morales,1463.5854202513055
Antonio Dos Santos,1463.5628477012503
Charles Byrd,1463.5169801182662
Liana Jojua,1463.495542260781
Zac Pauga,1463.456775194257
Cody Donovan,1463.3622284380695
Ode Osbourne,1463.3171358535258
Yves Edwards,1463.2550538333453
Igor Pokrajac,1462.8297034459085
Kurt Holobaugh,1462.7988901569604
Cody East,1462.5518495252584
Randa Markos,1462.543580617368
Artem Lobov,1462.5119102361405
Miranda Granger,1462.320731767964
Efrain Escudero,1462.2036955960905
Sam Stout,1462.1883896222216
Gray Maynard,1461.9628052946794
Tafon Nchukwi,1461.5931718557174
Charles Rosa,1461.5581761347726
Emily Whitmire,1460.6419379663112
Ihor Potieria,1460.505564093987
Duane Ludwig,1460.3394908640155
Eddie Wineland,1460.2269985882806
Andre Soukhamthath,1460.0204751986455
Andre Fialho,1459.9549134438912
Oskar Piechota,1459.9195434402218
Wellington Turman,1459.7119797675916
John Howard,1459.4146128723942
Andrea Lee,1459.3786381600958
Tom Watson,1459.17807367794
Sean O'Connell,1459.1233114198171
Rafael Feijao,1458.9841994718067
Jordan Griffin,1458.9639440027024
Nate Marquardt,1458.9537284954831
Da Woon Jung,1458.5738687466694
Kyle Bochniak,1458.1503923345558
Veronica Macedo,1457.3845986968531
Dominique Steele,1457.3765244588735
Salim Touahri,1457.1642670684346
Lina Lansberg,1457.1475246453558
David Mitchell,1456.9869051142878
Ryan Benoit,1456.9497346858864
Takashi Sato,1456.8856248418556
Pat Barry,1456.841960792367
Dominic Waters,1456.8121869365557
Alessio Di Chirico,1456.798013574791
Mike Rodriguez,1456.6296931206027
Henry Briones,1456.3659660943083
Mitch Clarke,1455.9868952858046
Roxanne Modafferi,1455.8281021572047
Markus Perez,1455.7538806122461
Hannah Goldy,1455.390979114457
Tyson Griffin,1455.2887677840058
Justin Edwards,1455.2495828473184
Jorge Santiago,1455.1955478027742
Frank Camacho,1455.1829087887852
Jessica Penne,1455.1645644853459
Bec Rawlings,1455.0516707019376
Vinicius Salvador,1455.0272122490233
Sarah Moras,1454.9992942036902
Mateus Mendonca,1454.8781514181862
Michihiro Omigawa,1454.6454241060267
Albert Morales,1454.5862135843531
Josh Koscheck,1454.583057610997
Fabricio Camoes,1454.3994705524285
Jessica Aguilar,1454.3649784719858
Rolando Bedoya,1454.3157302315137
Darian Weeks,1454.2966898157724
Garreth McLellan,1454.2078895954767
Mac Danzig,1454.1933776796598
Marcio Alexandre Junior,1454.133323500983
Tonya Evinger,1454.1278775049773
Bobby Nash,1453.9876111120127
Domingo Pilarte,1453.9637871407822
Tito Ortiz,1453.940844413264
Jamie Varner,1453.6702393693338
Jeff Hughes,1453.6298147977188
Diana Belbita,1453.574591834694
Caio Machado,1453.5383179419819
Mark Hominick,1453.4978677752526
Ramona Pascual,1453.4795467963797
Dan Moret,1453.420146856392
Andy Enz,1453.383579282459
Daniel Teymur,1453.3729594746108
Hector Aldana,1453.3227633436616
Naoyuki Kotani,1453.3195903678115
Shane Campbell,1453.246285777349
Ross Pearson,1453.156931445216
Mike Rhodes,1453.0255180238853
Alex Reyes,1453.007162340346
Sabah Homasi,1452.9686737176646
James Llontop,1452.9075166873138
Blood Diamond,1452.8972592968173
Lukasz Sajewski,1452.835598916772
Alex Chambers,1452.8034637666262
Jay Perrin,1452.7945705080867
Spencer Fisher,1452.7765913808867
Keith Wisniewski,1452.7153936074126
Alessio Sakara,1452.6711088990592
Nick Osipczak,1452.6627650476587
Darrell Montague,1452.6338036851623
Darrius Flowers,1452.5052181706903
Ashlee Evans-Smith,1452.499569890903
Jordan Williams,1452.4698162164811
Junior Albini,1452.3750530979378
Malcolm Gordon,1452.3356933466878
Kamal Shalorus,1452.245554624314
Mike Massenzio,1452.0533115531043
Antonio Arroyo,1452.0406042903007
Oluwale Bamgbose,1452.0120168567557
Eric Schafer,1452.0030625288869
Steve Cantwell,1451.921555638415
Brian Camozzi,1451.9169760890898
Norifumi Yamamoto,1451.9072219809134
Joe Stevenson,1451.904289994542
Jared Papazian,1451.9031700133992
Sumudaerji,1451.8029117574124
Jocelyn Jones-Lybarger,1451.7968626450242
Shane Young,1451.5867003771632
Charlie Ontiveros,1451.560942509248
Erick Gonzalez,1451.5236819063796
Victoria Leonardo,1451.485583125592
Julija Stoliarenko,1451.482963906728
Joby Sanchez,1451.3667973306951
Viktor Pesta,1451.3515457098722
Ruan Potts,1451.329716933603
Estevan Payan,1451.2759936280072
Kris McCray,1451.269040608396
Kevin Natividad,1451.2338665861705
Garett Whiteley,1451.2098173753748
Genaro Valdez,1451.1759276647401
Roque Martinez,1451.1726151215664
Damian Grabowski,1451.1621996107096
Cole Escovedo,1451.1435320613145
Eliot Marshall,1451.058980936464
Iliarde Santos,1451.0043471978377
Jumabieke Tuerxun,1450.9618448763895
Marcelo Rojo,1450.8763144467848
Wuliji Buren,1450.8035345557407
Josh Parisian,1450.7816328465185
Bojan Mihajlovic,1450.5841801574065
Mark De La Rosa,1450.5808198559048
Ricardo Funch,1450.5392576488111
Fabio Cherant,1450.4894944569337
Niklas Stolze,1450.472004934093
Denys Bondar,1450.4231864672586
Dave Herman,1450.3129121996692
Angela Magana,1450.3038244593204
Jerome Rivera,1449.9945501478308
Zelim Imadaev,1449.9205172446984
Jessica Eye,1449.916444429444
Mike Santiago,1449.8242056263489
Harry Hunsucker,1449.661720675333
John Albert,1449.5564583123617
Martin Day,1449.532083966177
Shannon Ross,1449.1677383446543
Jeremy Larsen,1449.0797299832582
Jake Lindsey,1449.0551365992587
Hu Yaozong,1448.9076435930317
Kalindra Faria,1448.8548964632846
Liang Na,1448.3541298079274
Dalcha Lungiambula,1448.029778381047
Jordan Wright,1447.6387892608868
Damacio Page,1447.333669821259
Dmitrii Smoliakov,1447.2889528616965
Pat Healy,1447.149175958028
Nam Phan,1446.8602688928233
Hannah Cifers,1445.9573588696123
Michelle Waterson-Gomez,1445.4002577720491
Brad Pickett,1445.38177464565
Ben Saunders,1444.9154517736843
Lukasz Brzeski,1444.191157916514
Charlie Brenneman,1444.1079201994112
Antonio Silva,1444.066506493953
Gian Villante,1443.568994589354
Thibault Gouti,1443.1181057937413
Yoshihiro Akiyama,1443.0970082533124
Lucie Pudilova,1442.2565496477164
Jesse Ronson,1441.720127133709
Rafaello Oliveira,1441.6283962135205
Jake Collier,1441.2538137310523
Joey Beltran,1440.5857306737607
Rhys McKee,1440.5503096530988
Zhalgas Zhumagulov,1440.4217161472216
Mizuto Hirota,1440.3323092564137
Khadis Ibragimov,1439.8530520074387
Gilbert Melendez,1439.76468337703
Will Campuzano,1439.6691803403833
Dustin Pague,1439.5713371558222
Sam Alvey,1439.3850065800784
Terrion Ware,1438.8354376544655
John Phillips,1438.5620395954286
Ji Yeon Kim,1438.5326769791293
Zarah Fairn,1438.5030650504273
Fernie Garcia,1438.3174021857778
Hector Lombard,1438.2863302543167
Aaron Phillips,1438.256786758232
Anton Turkalj,1438.219531565735
Denis Tiuliulin,1438.1812330920898
Wu Yanan,1438.07049903834
Jinh Yu Frey,1437.9435614845095
Anthony Hamilton,1437.8034380262711
Jodie Esquibel,1437.5548477351435
Maki Pitolo,1437.4571833076743
Bobby Voelker,1437.105024859932
Gina Mazany,1437.014337883288
Alan Baudot,1436.4988847141744
Leonard Garcia,1436.2971621343302
Josh Grispi,1435.9277820616308
Dequan Townsend,1435.8951318330685
JP Buys,1435.4789485296092
Scott Jorgensen,1435.312943634215
Istela Nunes,1434.9701416600776
Andy Ogle,1434.488907753525
Alen Amedovski,1433.8615894887967
Brandon Davis,1432.581021574292
Vinicius Moreira,1431.6693286159984
Ike Villanueva,1431.4445636550577
Ashley Yoder,1430.3172102394456
Paulo Thiago,1428.5333022072239
Takanori Gomi,1427.5097368384716
Kailin Curran,1424.5060736278306
Sean Soriano,1422.0466597827074
Jared Vanderaa,1421.768200498872
Jamie Pickett,1421.1733342471302
Daniel Lacerda,1418.7326207065148
Joshua Burkman,1415.3245435333342
Chase Sherman,1411.8829200233472
BJ Penn,1400.2558885477479
